0,1
us-gaap:standardproductwarrantyaccrual,3980000000
us-gaap:standardproductwarrantyaccrual,5195000000
us-gaap:debtinstrumentfaceamount,2800000000
us-gaap:gaincontingencyunrecordedamount,930000000
us-gaap:standardproductwarrantyaccrual,4368000000
us-gaap:cashandcashequivalentsatcarryingvalue,18949000000
us-gaap:commonstocksharesissued,5762278000
us-gaap:commonstocksharesoutstanding,5762278000
us-gaap:commonstocksharesauthorized,12600000000
us-gaap:sharebasedcompensationarrangementbysharebasedpaymentawardoptionsoutstandingweightedaverageex,18.15
us-gaap:numberofstores,453
us-gaap:shorttermdebtweightedaverageinterestrate,0.0010
us-gaap:commonstockparorstatedvaluepershare,0.00001
us-gaap:sharebasedcompensationarrangementbysharebasedpaymentawardnumberofsharesavailableforgrant,436600000
us-gaap:sharebasedcompensationarrangementbysharebasedpaymentawardoptionsoutstandingnumber,2300000
us-gaap:longtermdebtmaturitiesrepaymentsofprincipalafteryearfive,25875000000
us-gaap:deferredrevenuenoncurrent,3571000000
us-gaap:accumulateddepreciationdepletionandamortizationpropertyplantandequipment,22309000000
us-gaap:longtermdebtmaturitiesrepaymentsofprincipalinyearthree,2500000000
us-gaap:liabilitiescurrent,58729000000
us-gaap:unrecognizedtaxbenefitsthatwouldimpacteffectivetaxrate,1600000000
us-gaap:unrecordedunconditionalpurchaseobligationbalancesheetamount,4100000000
us-gaap:commonstocksincludingadditionalpaidincapital,25376000000
us-gaap:accumulatedothercomprehensiveincomelossnetoftax,2710000000
us-gaap:accountspayablecurrent,23159000000
us-gaap:retainedearningsaccumulateddeficit,100920000000
us-gaap:longtermdebtmaturitiesrepaymentsofprincipalinyearfive,3000000000
us-gaap:deferredtaxliabilitiesnoncurrent,23825000000
us-gaap:debtinstrumentcarryingamount,39875000000
us-gaap:accruedliabilitiescurrent,22827000000
us-gaap:stockholdersequity,129006000000
us-gaap:standardproductwarrantyaccrual,5143000000
us-gaap:otherliabilitiesnoncurrent,29816000000
us-gaap:otheraccruedliabilitiescurrent,11899000000
us-gaap:operatingleasesfutureminimumpaymentsdue,5100000000
us-gaap:longtermdebtmaturitiesrepaymentsofprincipalinyearfour,6000000000
us-gaap:liabilitiesandstockholdersequity,261194000000
us-gaap:finitelivedintangibleassetsaccumulatedamortization,3711000000
us-gaap:accruedmarketingcostscurrent,1384000000
us-gaap:otherdeferredcreditscurrent,1130000000
us-gaap:otheraccruedliabilitiesnoncurrent,5991000000
us-gaap:deferredrevenuecurrent,8944000000
us-gaap:commercialpaper,3799000000
us-gaap:unrecognizedtaxbenefits,4600000000
us-gaap:taxespayablecurrent,2017000000
us-gaap:liabilities,132188000000
us-gaap:employeerelatedliabilitiescurrent,1254000000
us-gaap:availableforsalesecuritiesaccumulatedgrossunrealizedgainbeforetax,749000000
us-gaap:unrecognizedtaxbenefitsincometaxpenaltiesandinterestaccrued,844000000
us-gaap:longtermdebtmaturitiesrepaymentsofprincipalinyeartwo,2500000000
us-gaap:longtermdebt,40072000000
us-gaap:allowancefordoubtfulaccountsreceivablecurrent,83000000
us-gaap:cashandcashequivalentsatcarryingvalue,14489000000
us-gaap:deferredtaxassetsliabilitiesnetcurrent,5141000000
us-gaap:goodwill,4711000000
us-gaap:propertyplantandequipmentnet,20151000000
us-gaap:sharebasedcompensationarrangementbysharebasedpaymentawardoptionsoutstandingintrinsicvalue,239000000
us-gaap:availableforsalesecurities,193539000000
us-gaap:availableforsalesecuritiesnoncurrent,160443000000
us-gaap:indefinitelivedintangibleassetsexcludinggoodwill,100000000
us-gaap:inventorypartsandcomponentsnetofreserves,537000000
us-gaap:finitelivedintangibleassetsnet,3961000000
us-gaap:availableforsalesecuritiesaccumulatedgrossunrealizedlossbeforetax,610000000
us-gaap:debtinstrumentunamortizeddiscount,80000000
us-gaap:inventoryfinishedgoodsnetofreserves,1859000000
us-gaap:propertyplantandequipmentgross,42460000000
us-gaap:assets,261194000000
us-gaap:employeeservicesharebasedcompensationnonvestedawardstotalcompensationcostnotyetrecognized,8100000000
us-gaap:inventorynet,2396000000
us-gaap:nontradereceivablescurrent,7259000000
us-gaap:accountsreceivablenetcurrent,10905000000
us-gaap:availableforsalesecuritiesamortizedcost,193400000000
us-gaap:availableforsalesecuritiescurrent,18607000000
us-gaap:intangibleassetsnetexcludinggoodwill,4061000000
us-gaap:otherassetscurrent,9094000000
us-gaap:otherassetsnoncurrent,3937000000
us-gaap:assetscurrent,67891000000
us-gaap:finitelivedintangibleassetsgross,7672000000
us-gaap:longtermdebtfairvalue,40200000000
us-gaap:availableforsalesecuritiesaccumulatedgrossunrealizedgainbeforetax,749000000
us-gaap:cashandcashequivalentsatcarryingvalue,3153000000
us-gaap:availableforsalesecurities,179945000000
us-gaap:availableforsalesecuritiesnoncurrent,160443000000
us-gaap:availableforsalesecuritiesaccumulatedgrossunrealizedlossbeforetax,484000000
us-gaap:availableforsalesecuritiesamortizedcost,179680000000
us-gaap:availableforsalesecuritiescurrent,16349000000
us-gaap:derivativefairvalueofderivativeasset,86000000
us-gaap:derivativefairvalueofderivativeliability,91000000
us-gaap:derivativefairvalueofderivativeasset,3045000000
us-gaap:derivativefairvalueofderivativeasset,329000000
us-gaap:derivativefairvalueofderivativeliability,27000000
us-gaap:derivativefairvalueofderivativeliability,458000000
us-gaap:availableforsalesecuritiesaccumulatedgrossunrealizedgainbeforetax,427000000
us-gaap:availableforsalesecurities,100715000000
us-gaap:availableforsalesecuritiesnoncurrent,90390000000
us-gaap:availableforsalesecuritiesaccumulatedgrossunrealizedlossbeforetax,370000000
us-gaap:availableforsalesecuritiesamortizedcost,100658000000
us-gaap:availableforsalesecuritiescurrent,10325000000
us-gaap:cashandcashequivalentsatcarryingvalue,1364000000
us-gaap:availableforsalesecurities,2956000000
us-gaap:availableforsalesecuritiesamortizedcost,2956000000
us-gaap:availableforsalesecuritiescurrent,1592000000
us-gaap:availableforsalesecuritiesaccumulatedgrossunrealizedgainbeforetax,86000000
us-gaap:cashandcashequivalentsatcarryingvalue,41000000
us-gaap:availableforsalesecurities,7120000000
us-gaap:availableforsalesecuritiesnoncurrent,6808000000
us-gaap:availableforsalesecuritiesaccumulatedgrossunrealizedlossbeforetax,80000000
us-gaap:availableforsalesecuritiesamortizedcost,7114000000
us-gaap:availableforsalesecuritiescurrent,271000000
us-gaap:availableforsalesecuritiesaccumulatedgrossunrealizedgainbeforetax,5000000
us-gaap:availableforsalesecurities,946000000
us-gaap:availableforsalesecuritiesnoncurrent,922000000
us-gaap:availableforsalesecuritiesaccumulatedgrossunrealizedlossbeforetax,1000000
us-gaap:availableforsalesecuritiesamortizedcost,942000000
us-gaap:availableforsalesecuritiescurrent,24000000
us-gaap:availableforsalesecuritiesaccumulatedgrossunrealizedgainbeforetax,145000000
us-gaap:availableforsalesecurities,42987000000
us-gaap:availableforsalesecuritiesnoncurrent,41196000000
us-gaap:availableforsalesecuritiesaccumulatedgrossunrealizedlossbeforetax,12000000
us-gaap:availableforsalesecuritiesamortizedcost,42854000000
us-gaap:availableforsalesecuritiescurrent,1791000000
us-gaap:availableforsalesecuritiesaccumulatedgrossunrealizedgainbeforetax,11000000
us-gaap:cashandcashequivalentsatcarryingvalue,585000000
us-gaap:availableforsalesecurities,6910000000
us-gaap:availableforsalesecuritiesnoncurrent,5269000000
us-gaap:availableforsalesecuritiesaccumulatedgrossunrealizedlossbeforetax,2000000
us-gaap:availableforsalesecuritiesamortizedcost,6901000000
us-gaap:availableforsalesecuritiescurrent,1056000000
us-gaap:availableforsalesecuritiesaccumulatedgrossunrealizedgainbeforetax,75000000
us-gaap:availableforsalesecurities,14838000000
us-gaap:availableforsalesecuritiesnoncurrent,14800000000
us-gaap:availableforsalesecuritiesaccumulatedgrossunrealizedlossbeforetax,19000000
us-gaap:availableforsalesecuritiesamortizedcost,14782000000
us-gaap:availableforsalesecuritiescurrent,38000000
us-gaap:cashandcashequivalentsatcarryingvalue,1163000000
us-gaap:availableforsalesecurities,3473000000
us-gaap:availableforsalesecuritiesnoncurrent,1058000000
us-gaap:availableforsalesecuritiesamortizedcost,3473000000
us-gaap:availableforsalesecuritiescurrent,1252000000
us-gaap:derivativefairvalueofderivativeasset,3131000000
us-gaap:derivativefairvalueofderivativeasset,329000000
us-gaap:derivativefairvalueofderivativeliability,118000000
us-gaap:derivativefairvalueofderivativeliability,458000000
us-gaap:cashandcashequivalentsatcarryingvalue,1457000000
us-gaap:availableforsalesecurities,3715000000
us-gaap:availableforsalesecuritiesaccumulatedgrossunrealizedlossbeforetax,126000000
us-gaap:availableforsalesecuritiesamortizedcost,3841000000
us-gaap:availableforsalesecuritiescurrent,2258000000
us-gaap:cashandcashequivalentsatcarryingvalue,1457000000
us-gaap:availableforsalesecurities,1457000000
us-gaap:availableforsalesecuritiesamortizedcost,1457000000
us-gaap:availableforsalesecurities,2258000000
us-gaap:availableforsalesecuritiesaccumulatedgrossunrealizedlossbeforetax,126000000
us-gaap:availableforsalesecuritiesamortizedcost,2384000000
us-gaap:availableforsalesecuritiescurrent,2258000000
us-gaap:sharebasedcompensationarrangementbysharebasedpaymentawardequityinstrumentsotherthanoptionsno,81.87
us-gaap:sharebasedcompensationarrangementbysharebasedpaymentawardequityinstrumentsotherthanoptionsno,119864000
us-gaap:sharebasedcompensationarrangementbysharebasedpaymentawardequityinstrumentsotherthanoptionsag,14773000000
us-gaap:cashandcashequivalentsatcarryingvalue,9879000000
us-gaap:availableforsalesecurities,9879000000
us-gaap:availableforsalesecuritiesamortizedcost,9879000000
us-gaap:operatingleasesfutureminimumpaymentsdue,3400000000
us-gaap:propertyplantandequipmentgross,32107000000
us-gaap:propertyplantandequipmentgross,5627000000
us-gaap:propertyplantandequipmentgross,4726000000
us-gaap:accumulatedothercomprehensiveincomelossnetoftax,119000000
us-gaap:accumulatedothercomprehensiveincomelossnetoftax,3079000000
us-gaap:debtinstrumentinterestrateeffectivepercentage,0.0051
us-gaap:seniornotes,1000000000
us-gaap:debtinstrumentinterestratestatedpercentage,0.0105
us-gaap:debtinstrumentinterestrateeffectivepercentage,0.0032
us-gaap:seniornotes,1500000000
us-gaap:debtinstrumentinterestratestatedpercentage,0.0045
us-gaap:debtinstrumentinterestrateeffectivepercentage,0.0051
us-gaap:seniornotes,1500000000
us-gaap:debtinstrumentinterestratestatedpercentage,0.0445
us-gaap:debtinstrumentinterestrateeffectivepercentage,0.0448
us-gaap:seniornotes,1000000000
us-gaap:debtinstrumentinterestratestatedpercentage,0.0385
us-gaap:debtinstrumentinterestrateeffectivepercentage,0.0391
us-gaap:seniornotes,3000000000
us-gaap:debtinstrumentinterestratestatedpercentage,0.0345
us-gaap:debtinstrumentinterestrateeffectivepercentage,0.0092
us-gaap:seniornotes,2500000000
us-gaap:debtinstrumentinterestratestatedpercentage,0.0210
us-gaap:debtinstrumentinterestrateeffectivepercentage,0.0055
us-gaap:seniornotes,2000000000
us-gaap:debtinstrumentinterestrateeffectivepercentage,0.0110
us-gaap:seniornotes,2000000000
us-gaap:debtinstrumentinterestratestatedpercentage,0.0100
us-gaap:debtinstrumentinterestrateeffectivepercentage,0.0108
us-gaap:seniornotes,4000000000
us-gaap:debtinstrumentfaceamount,6500000000
us-gaap:debtinstrumentinterestratestatedpercentage,0.0100
us-gaap:debtinstrumentinterestrateeffectivepercentage,0.0294
us-gaap:seniornotes,1534000000
us-gaap:debtinstrumentinterestratestatedpercentage,0.0163
us-gaap:debtinstrumentinterestrateeffectivepercentage,0.0345
us-gaap:seniornotes,1534000000
us-gaap:debtinstrumentinterestratestatedpercentage,0.0155
us-gaap:debtinstrumentinterestrateeffectivepercentage,0.0050
us-gaap:seniornotes,1250000000
us-gaap:debtinstrumentinterestratestatedpercentage,0.0215
us-gaap:debtinstrumentinterestrateeffectivepercentage,0.0082
us-gaap:seniornotes,1250000000
us-gaap:debtinstrumentinterestratestatedpercentage,0.0038
us-gaap:debtinstrumentinterestrateeffectivepercentage,0.0028
us-gaap:seniornotes,915000000
us-gaap:debtinstrumentinterestratestatedpercentage,0.0250
us-gaap:debtinstrumentinterestrateeffectivepercentage,0.0260
us-gaap:seniornotes,1500000000
us-gaap:debtinstrumentinterestratestatedpercentage,0.0075
us-gaap:debtinstrumentinterestrateeffectivepercentage,0.0074
us-gaap:seniornotes,392000000
us-gaap:debtinstrumentinterestratestatedpercentage,0.0345
us-gaap:debtinstrumentinterestrateeffectivepercentage,0.0358
us-gaap:seniornotes,2000000000
us-gaap:debtinstrumentfaceamount,1300000000
us-gaap:debtinstrumentinterestrateeffectivepercentage,0.0033
us-gaap:seniornotes,1000000000
us-gaap:debtinstrumentinterestrateeffectivepercentage,0.0051
us-gaap:seniornotes,500000000
us-gaap:debtinstrumentinterestratestatedpercentage,0.0240
us-gaap:debtinstrumentinterestrateeffectivepercentage,0.0244
us-gaap:seniornotes,5500000000
us-gaap:debtinstrumentinterestratestatedpercentage,0.0285
us-gaap:debtinstrumentinterestrateeffectivepercentage,0.0081
us-gaap:seniornotes,3000000000
us-gaap:debtinstrumentinterestrateeffectivepercentage,0.0056
us-gaap:seniornotes,1000000000
us-gaap:debtinstrumentfaceamount,17000000000
us-gaap:debtinstrumentfaceamount,12000000000
us-gaap:standardproductwarrantyaccrual,2967000000
us-gaap:cashandcashequivalentsatcarryingvalue,14259000000
us-gaap:commonstocksharesissued,5866161000
us-gaap:commonstocksharesoutstanding,5866161000
us-gaap:commonstocksharesauthorized,12600000000
us-gaap:shorttermdebtweightedaverageinterestrate,0.0012
us-gaap:commonstockparorstatedvaluepershare,0.00001
us-gaap:deferredrevenuenoncurrent,3031000000
us-gaap:accumulateddepreciationdepletionandamortizationpropertyplantandequipment,18391000000
us-gaap:liabilitiescurrent,63448000000
us-gaap:unrecognizedtaxbenefitsthatwouldimpacteffectivetaxrate,1400000000
us-gaap:commonstocksincludingadditionalpaidincapital,23313000000
us-gaap:accumulatedothercomprehensiveincomelossnetoftax,1082000000
us-gaap:accountspayablecurrent,30196000000
us-gaap:retainedearningsaccumulateddeficit,87152000000
us-gaap:deferredtaxliabilitiesnoncurrent,20259000000
us-gaap:debtinstrumentcarryingamount,29000000000
us-gaap:accruedliabilitiescurrent,18453000000
us-gaap:stockrepurchaseprogramauthorizedamount1,90000000000
us-gaap:stockholdersequity,111547000000
us-gaap:standardproductwarrantyaccrual,4159000000
us-gaap:otherliabilitiesnoncurrent,24826000000
us-gaap:otheraccruedliabilitiescurrent,8498000000
us-gaap:liabilitiesandstockholdersequity,231839000000
us-gaap:finitelivedintangibleassetsaccumulatedamortization,3085000000
us-gaap:accruedmarketingcostscurrent,2321000000
us-gaap:otherdeferredcreditscurrent,1057000000
us-gaap:otheraccruedliabilitiesnoncurrent,4567000000
us-gaap:deferredrevenuecurrent,8491000000
us-gaap:commercialpaper,6308000000
us-gaap:unrecognizedtaxbenefits,4000000000
us-gaap:taxespayablecurrent,1209000000
us-gaap:liabilities,120292000000
us-gaap:employeerelatedliabilitiescurrent,1209000000
us-gaap:availableforsalesecuritiesaccumulatedgrossunrealizedgainbeforetax,418000000
us-gaap:unrecognizedtaxbenefitsincometaxpenaltiesandinterestaccrued,630000000
us-gaap:longtermdebt,28987000000
us-gaap:allowancefordoubtfulaccountsreceivablecurrent,86000000
us-gaap:cashandcashequivalentsatcarryingvalue,13844000000
us-gaap:deferredtaxassetsliabilitiesnetcurrent,4318000000
us-gaap:goodwill,4616000000
us-gaap:propertyplantandequipmentnet,20624000000
us-gaap:availableforsalesecurities,155239000000
us-gaap:availableforsalesecuritiesnoncurrent,130162000000
us-gaap:indefinitelivedintangibleassetsexcludinggoodwill,100000000
us-gaap:inventorypartsandcomponentsnetofreserves,471000000
us-gaap:finitelivedintangibleassetsnet,4042000000
us-gaap:availableforsalesecuritiesaccumulatedgrossunrealizedlossbeforetax,511000000
us-gaap:debtinstrumentunamortizeddiscount,52000000
us-gaap:inventoryfinishedgoodsnetofreserves,1640000000
us-gaap:propertyplantandequipmentgross,39015000000
us-gaap:assets,231839000000
us-gaap:inventorynet,2111000000
us-gaap:nontradereceivablescurrent,9759000000
us-gaap:accountsreceivablenetcurrent,17460000000
us-gaap:availableforsalesecuritiesamortizedcost,155332000000
us-gaap:availableforsalesecuritiescurrent,11233000000
us-gaap:intangibleassetsnetexcludinggoodwill,4142000000
us-gaap:otherassetscurrent,9806000000
us-gaap:otherassetsnoncurrent,3764000000
us-gaap:assetscurrent,68531000000
us-gaap:finitelivedintangibleassetsgross,7127000000
us-gaap:longtermdebtfairvalue,28500000000
us-gaap:availableforsalesecuritiesaccumulatedgrossunrealizedgainbeforetax,417000000
us-gaap:cashandcashequivalentsatcarryingvalue,2066000000
us-gaap:availableforsalesecurities,141061000000
us-gaap:availableforsalesecuritiesnoncurrent,130162000000
us-gaap:availableforsalesecuritiesaccumulatedgrossunrealizedlossbeforetax,379000000
us-gaap:availableforsalesecuritiesamortizedcost,141023000000
us-gaap:availableforsalesecuritiescurrent,8833000000
us-gaap:derivativefairvalueofderivativeasset,222000000
us-gaap:derivativefairvalueofderivativeliability,40000000
us-gaap:derivativefairvalueofderivativeasset,1332000000
us-gaap:derivativefairvalueofderivativeasset,81000000
us-gaap:derivativefairvalueofderivativeliability,41000000
us-gaap:availableforsalesecuritiesaccumulatedgrossunrealizedgainbeforetax,296000000
us-gaap:cashandcashequivalentsatcarryingvalue,6000000
us-gaap:availableforsalesecurities,85486000000
us-gaap:availableforsalesecuritiesnoncurrent,79182000000
us-gaap:availableforsalesecuritiesaccumulatedgrossunrealizedlossbeforetax,241000000
us-gaap:availableforsalesecuritiesamortizedcost,85431000000
us-gaap:availableforsalesecuritiescurrent,6298000000
us-gaap:cashandcashequivalentsatcarryingvalue,166000000
us-gaap:availableforsalesecurities,475000000
us-gaap:availableforsalesecuritiesamortizedcost,475000000
us-gaap:availableforsalesecuritiescurrent,309000000
us-gaap:availableforsalesecuritiesaccumulatedgrossunrealizedgainbeforetax,69000000
us-gaap:availableforsalesecurities,6925000000
us-gaap:availableforsalesecuritiesnoncurrent,6721000000
us-gaap:availableforsalesecuritiesaccumulatedgrossunrealizedlossbeforetax,69000000
us-gaap:availableforsalesecuritiesamortizedcost,6925000000
us-gaap:availableforsalesecuritiescurrent,204000000
us-gaap:availableforsalesecuritiesaccumulatedgrossunrealizedgainbeforetax,8000000
us-gaap:availableforsalesecurities,948000000
us-gaap:availableforsalesecuritiesnoncurrent,948000000
us-gaap:availableforsalesecuritiesamortizedcost,940000000
us-gaap:availableforsalesecuritiesaccumulatedgrossunrealizedgainbeforetax,15000000
us-gaap:cashandcashequivalentsatcarryingvalue,12000000
us-gaap:availableforsalesecurities,23146000000
us-gaap:availableforsalesecuritiesnoncurrent,22527000000
us-gaap:availableforsalesecuritiesaccumulatedgrossunrealizedlossbeforetax,9000000
us-gaap:availableforsalesecuritiesamortizedcost,23140000000
us-gaap:availableforsalesecuritiescurrent,607000000
us-gaap:availableforsalesecuritiesaccumulatedgrossunrealizedgainbeforetax,3000000
us-gaap:cashandcashequivalentsatcarryingvalue,652000000
us-gaap:availableforsalesecurities,7365000000
us-gaap:availableforsalesecuritiesnoncurrent,6556000000
us-gaap:availableforsalesecuritiesaccumulatedgrossunrealizedlossbeforetax,11000000
us-gaap:availableforsalesecuritiesamortizedcost,7373000000
us-gaap:availableforsalesecuritiescurrent,157000000
us-gaap:availableforsalesecuritiesaccumulatedgrossunrealizedgainbeforetax,26000000
us-gaap:availableforsalesecurities,12884000000
us-gaap:availableforsalesecuritiesnoncurrent,12859000000
us-gaap:availableforsalesecuritiesaccumulatedgrossunrealizedlossbeforetax,49000000
us-gaap:availableforsalesecuritiesamortizedcost,12907000000
us-gaap:availableforsalesecuritiescurrent,25000000
us-gaap:cashandcashequivalentsatcarryingvalue,1230000000
us-gaap:availableforsalesecurities,3832000000
us-gaap:availableforsalesecuritiesnoncurrent,1369000000
us-gaap:availableforsalesecuritiesamortizedcost,3832000000
us-gaap:availableforsalesecuritiescurrent,1233000000
us-gaap:derivativefairvalueofderivativeasset,1554000000
us-gaap:derivativefairvalueofderivativeasset,81000000
us-gaap:derivativefairvalueofderivativeliability,81000000
us-gaap:availableforsalesecuritiesaccumulatedgrossunrealizedgainbeforetax,1000000
us-gaap:cashandcashequivalentsatcarryingvalue,1546000000
us-gaap:availableforsalesecurities,3946000000
us-gaap:availableforsalesecuritiesaccumulatedgrossunrealizedlossbeforetax,132000000
us-gaap:availableforsalesecuritiesamortizedcost,4077000000
us-gaap:availableforsalesecuritiescurrent,2400000000
us-gaap:cashandcashequivalentsatcarryingvalue,1546000000
us-gaap:availableforsalesecurities,1546000000
us-gaap:availableforsalesecuritiesamortizedcost,1546000000
us-gaap:availableforsalesecuritiesaccumulatedgrossunrealizedgainbeforetax,1000000
us-gaap:availableforsalesecurities,2400000000
us-gaap:availableforsalesecuritiesaccumulatedgrossunrealizedlossbeforetax,132000000
us-gaap:availableforsalesecuritiesamortizedcost,2531000000
us-gaap:availableforsalesecuritiescurrent,2400000000
us-gaap:sharebasedcompensationarrangementbysharebasedpaymentawardequityinstrumentsotherthanoptionsno,70.98
us-gaap:sharebasedcompensationarrangementbysharebasedpaymentawardequityinstrumentsotherthanoptionsno,103822000
us-gaap:cashandcashequivalentsatcarryingvalue,10232000000
us-gaap:availableforsalesecurities,10232000000
us-gaap:availableforsalesecuritiesamortizedcost,10232000000
us-gaap:propertyplantandequipmentgross,29639000000
us-gaap:propertyplantandequipmentgross,4863000000
us-gaap:propertyplantandequipmentgross,4513000000
us-gaap:accumulatedothercomprehensiveincomelossnetoftax,1364000000
us-gaap:debtinstrumentinterestrateeffectivepercentage,0.0051
us-gaap:seniornotes,1000000000
us-gaap:debtinstrumentinterestratestatedpercentage,0.0105
us-gaap:debtinstrumentinterestrateeffectivepercentage,0.0030
us-gaap:seniornotes,1500000000
us-gaap:debtinstrumentinterestratestatedpercentage,0.0045
us-gaap:debtinstrumentinterestrateeffectivepercentage,0.0051
us-gaap:seniornotes,1500000000
us-gaap:debtinstrumentinterestratestatedpercentage,0.0445
us-gaap:debtinstrumentinterestrateeffectivepercentage,0.0448
us-gaap:seniornotes,1000000000
us-gaap:debtinstrumentinterestratestatedpercentage,0.0385
us-gaap:debtinstrumentinterestrateeffectivepercentage,0.0391
us-gaap:seniornotes,3000000000
us-gaap:debtinstrumentinterestratestatedpercentage,0.0345
us-gaap:debtinstrumentinterestrateeffectivepercentage,0.0090
us-gaap:seniornotes,2500000000
us-gaap:debtinstrumentinterestratestatedpercentage,0.0210
us-gaap:debtinstrumentinterestrateeffectivepercentage,0.0053
us-gaap:seniornotes,2000000000
us-gaap:debtinstrumentinterestrateeffectivepercentage,0.0110
us-gaap:seniornotes,2000000000
us-gaap:debtinstrumentinterestratestatedpercentage,0.0100
us-gaap:debtinstrumentinterestrateeffectivepercentage,0.0108
us-gaap:seniornotes,4000000000
us-gaap:debtinstrumentinterestratestatedpercentage,0.0100
us-gaap:debtinstrumentinterestratestatedpercentage,0.0163
us-gaap:debtinstrumentinterestratestatedpercentage,0.0155
us-gaap:debtinstrumentinterestratestatedpercentage,0.0215
us-gaap:debtinstrumentinterestratestatedpercentage,0.0038
us-gaap:debtinstrumentinterestratestatedpercentage,0.0250
us-gaap:debtinstrumentinterestratestatedpercentage,0.0075
us-gaap:debtinstrumentinterestratestatedpercentage,0.0345
us-gaap:debtinstrumentinterestrateeffectivepercentage,0.0031
us-gaap:seniornotes,1000000000
us-gaap:debtinstrumentinterestratestatedpercentage,0.0240
us-gaap:debtinstrumentinterestrateeffectivepercentage,0.0244
us-gaap:seniornotes,5500000000
us-gaap:debtinstrumentinterestratestatedpercentage,0.0285
us-gaap:debtinstrumentinterestrateeffectivepercentage,0.0079
us-gaap:seniornotes,3000000000
us-gaap:debtinstrumentinterestrateeffectivepercentage,0.0054
us-gaap:seniornotes,1000000000
us-gaap:earningspersharediluted,3.74
us-gaap:weightedaveragenumberdilutedsharesoutstandingadjustment,35527000
us-gaap:netcashprovidedbyusedinoperatingactivitiescontinuingoperations,36208000000
us-gaap:weightedaveragenumberofdilutedsharesoutstanding,6233430000
us-gaap:earningspersharebasic,3.76
us-gaap:commonstockdividendspersharedeclared,0.88
us-gaap:weightedaveragenumberofsharesoutstandingbasic,6197903000
us-gaap:paymentstoacquireavailableforsalesecurities,90360000000
us-gaap:grossprofit,39793000000
us-gaap:incometaxespaidnet,5369000000
us-gaap:othercomprehensiveincomelossnetoftax,220000000
us-gaap:salesrevenuenet,103240000000
us-gaap:increasedecreaseininventories,65000000
us-gaap:incomelossfromcontinuingoperationsbeforeincometaxesextraordinaryitemsnoncontrollinginterest,31527000000
us-gaap:paymentstoacquirebusinessesnetofcashacquired,559000000
us-gaap:othercomprehensiveincomelossavailableforsalesecuritiesadjustmentnetoftax,143000000
us-gaap:operatingincomeloss,31056000000
us-gaap:comprehensiveincomenetoftax,23515000000
us-gaap:standardproductwarrantyaccrualwarrantiesissued,3330000000
us-gaap:nonoperatingincomeexpense,471000000
us-gaap:investmentincomeinterestanddividend,837000000
us-gaap:paymentstoacquireintangibleassets,163000000
us-gaap:paymentsforproceedsfromotherinvestingactivities,23000000
us-gaap:paymentsforrepurchaseofcommonstock,23000000000
us-gaap:othercomprehensiveincomeunrealizedgainlossonderivativesarisingduringperiodnetoftax,104000000
us-gaap:paymentstoacquirepropertyplantandequipment,3367000000
us-gaap:netincomeloss,23295000000
us-gaap:interestpaid,161000000
us-gaap:paymentsrelatedtotaxwithholdingforsharebasedcompensation,430000000
us-gaap:othercomprehensiveincomeunrealizedholdinggainlossonsecuritiesarisingduringperiodnetoftax,193000000
us-gaap:othercomprehensiveincomelossderivativesqualifyingashedgesnetoftax,163000000
us-gaap:allocatedsharebasedcompensationexpense,1377000000
us-gaap:deferredincometaxexpensebenefit,2059000000
us-gaap:increasedecreaseindeferredrevenue,1414000000
us-gaap:interestexpense,169000000
us-gaap:operatingexpenses,8737000000
us-gaap:researchanddevelopmentexpense,2752000000
us-gaap:sellinggeneralandadministrativeexpense,5985000000
us-gaap:sharebasedcompensationarrangementbysharebasedpaymentawardequityinstrumentsotherthanoptionsve,1300000000
us-gaap:costofgoodsandservicessold,63447000000
us-gaap:excesstaxbenefitfromsharebasedcompensationfinancingactivities,363000000
us-gaap:interestexpensedebt,168000000
us-gaap:cashandcashequivalentsperiodincreasedecrease,4690000000
us-gaap:incometaxexpensebenefit,8232000000
us-gaap:proceedsfromissuanceofcommonstock,341000000
us-gaap:standardproductwarrantyaccrualpayments,1929000000
us-gaap:incometaxreconciliationnondeductibleexpensesharebasedcompensationcost,495000000
us-gaap:depreciationamortizationandaccretionnet,4031000000
us-gaap:othercomprehensiveincomelossreclassificationadjustmentfromaociforsaleofsecuritiesbeforetax,77000000
us-gaap:reclassificationfromaccumulatedothercomprehensiveincomecurrentperiodbeforetax,3000000
us-gaap:proceedsfrommaturitiesprepaymentsandcallsofavailableforsalesecurities,10869000000
us-gaap:proceedsfromsaleofavailableforsalesecurities,80241000000
us-gaap:sharebasedcompensation,1377000000
us-gaap:sharebasedcompensationarrangementbysharebasedpaymentawardoptionsexercisesinperiodtotalintrin,707000000
us-gaap:increasedecreaseinotheroperatingliabilities,1638000000
us-gaap:othercomprehensiveincomelossreclassificationadjustmentfromaociforsaleofsecuritiesnetoftax,50000000
us-gaap:researchanddevelopmentexpense,2752000000
us-gaap:operatingincomeloss,35548000000
us-gaap:allocatedsharebasedcompensationexpense,589000000
us-gaap:allocatedsharebasedcompensationexpense,219000000
us-gaap:othercomprehensiveincomelossreclassificationadjustmentfromaocionderivativesbeforetax,251000000
us-gaap:allocatedsharebasedcompensationexpense,569000000
us-gaap:salesrevenuenet,42771000000
us-gaap:operatingincomeloss,14098000000
us-gaap:salesrevenuenet,25276000000
us-gaap:operatingincomeloss,8228000000
us-gaap:salesrevenuenet,6770000000
us-gaap:operatingincomeloss,2272000000
us-gaap:salesrevenuenet,9092000000
us-gaap:operatingincomeloss,4162000000
us-gaap:salesrevenuenet,19331000000
us-gaap:operatingincomeloss,6788000000
us-gaap:derivativeinstrumentsgainlossrecognizedinothercomprehensiveincomeeffectiveportionnet,5000000
us-gaap:derivativeinstrumentsgainlossrecognizedinothercomprehensiveincomeeffectiveportionnet,143000000
us-gaap:derivativeinstrumentsgainlossrecognizedinothercomprehensiveincomeeffectiveportionnet,137000000
us-gaap:earningspersharediluted,5.39
us-gaap:weightedaveragenumberdilutedsharesoutstandingadjustment,39889000
us-gaap:netcashprovidedbyusedinoperatingactivitiescontinuingoperations,52803000000
us-gaap:weightedaveragenumberofdilutedsharesoutstanding,5858330000
us-gaap:earningspersharebasic,5.43
us-gaap:commonstockdividendspersharedeclared,0.94
us-gaap:weightedaveragenumberofsharesoutstandingbasic,5818441000
us-gaap:paymentstoacquireavailableforsalesecurities,92523000000
us-gaap:grossprofit,53397000000
us-gaap:incometaxespaidnet,7058000000
us-gaap:repaymentsofshorttermdebtmaturinginmorethanthreemonths,4040000000
us-gaap:paymentsofdividends,5484000000
us-gaap:othercomprehensiveincomelossnetoftax,1628000000
us-gaap:salesrevenuenet,132609000000
us-gaap:increasedecreaseininventories,285000000
us-gaap:incomelossfromcontinuingoperationsbeforeincometaxesextraordinaryitemsnoncontrollinginterest,42980000000
us-gaap:paymentstoacquirebusinessesnetofcashacquired,115000000
us-gaap:othercomprehensiveincomelossavailableforsalesecuritiesadjustmentnetoftax,159000000
us-gaap:operatingincomeloss,42524000000
us-gaap:comprehensiveincomenetoftax,33221000000
us-gaap:standardproductwarrantyaccrualwarrantiesissued,3058000000
us-gaap:nonoperatingincomeexpense,456000000
us-gaap:investmentincomeinterestanddividend,1329000000
us-gaap:paymentstoacquireintangibleassets,155000000
us-gaap:paymentsforrepurchaseofcommonstock,12000000000
us-gaap:othercomprehensiveincomelossbeforereclassificationsbeforetax,3383000000
us-gaap:othercomprehensiveincomeunrealizedgainlossonderivativesarisingduringperiodnetoftax,3019000000
us-gaap:paymentstoacquirepropertyplantandequipment,5586000000
us-gaap:netincomeloss,31593000000
us-gaap:interestpaid,220000000
us-gaap:paymentsrelatedtotaxwithholdingforsharebasedcompensation,608000000
us-gaap:othercomprehensiveincomeunrealizedholdinggainlossonsecuritiesarisingduringperiodnetoftax,137000000
us-gaap:othercomprehensiveincomelossderivativesqualifyingashedgesnetoftax,1715000000
us-gaap:allocatedsharebasedcompensationexpense,1815000000
us-gaap:deferredincometaxexpensebenefit,1879000000
us-gaap:increasedecreaseindeferredrevenue,993000000
us-gaap:interestexpense,294000000
us-gaap:operatingexpenses,10873000000
us-gaap:researchanddevelopmentexpense,3813000000
us-gaap:sellinggeneralandadministrativeexpense,7060000000
us-gaap:sharebasedcompensationarrangementbysharebasedpaymentawardequityinstrumentsotherthanoptionsve,2000000000
us-gaap:costofgoodsandservicessold,79212000000
us-gaap:excesstaxbenefitfromsharebasedcompensationfinancingactivities,357000000
us-gaap:interestexpensedebt,289000000
us-gaap:cashandcashequivalentsperiodincreasedecrease,645000000
us-gaap:incometaxexpensebenefit,11387000000
us-gaap:othercomprehensiveincomelossreclassificationadjustmentfromaocionderivativesbeforetax,1477000000
us-gaap:othercomprehensiveincomelossreclassificationadjustmentfromaocionderivativesnetoftax,1304000000
us-gaap:proceedsfromrepaymentsofshorttermdebtmaturinginthreemonthsorless,985000000
us-gaap:proceedsfromissuanceofcommonstock,309000000
us-gaap:standardproductwarrantyaccrualpayments,2074000000
us-gaap:incometaxreconciliationnondeductibleexpensesharebasedcompensationcost,662000000
us-gaap:proceedsfromshorttermdebtmaturinginmorethanthreemonths,547000000
us-gaap:depreciationamortizationandaccretionnet,5054000000
us-gaap:othercomprehensiveincomelosstax,312000000
us-gaap:reclassificationfromaccumulatedothercomprehensiveincomecurrentperiodbeforetax,1443000000
us-gaap:proceedsfrommaturitiesprepaymentsandcallsofavailableforsalesecurities,5871000000
us-gaap:proceedsfromsaleofavailableforsalesecurities,48924000000
us-gaap:sharebasedcompensation,1815000000
us-gaap:sharebasedcompensationarrangementbysharebasedpaymentawardoptionsexercisesinperiodtotalintrin,367000000
us-gaap:increasedecreaseinotheroperatingliabilities,5679000000
us-gaap:proceedsfromissuanceoflongtermdebt,11332000000
us-gaap:sharebasedcompensationarrangementbysharebasedpaymentawardequityinstrumentsotherthanoptionsfo,2980000
us-gaap:sharebasedcompensationarrangementbysharebasedpaymentawardequityinstrumentsotherthanoptionsgr,102.36
us-gaap:sharebasedcompensationarrangementbysharebasedpaymentawardequityinstrumentsotherthanoptionsve,19423000
us-gaap:sharebasedcompensationarrangementbysharebasedpaymentawardequityinstrumentsotherthanoptionsgr,38445000
us-gaap:sharebasedcompensationarrangementbysharebasedpaymentawardequityinstrumentsotherthanoptionsve,65.24
us-gaap:sharebasedcompensationarrangementbysharebasedpaymentawardequityinstrumentsotherthanoptionsfo,75.15
us-gaap:researchanddevelopmentexpense,3813000000
us-gaap:operatingincomeloss,48597000000
us-gaap:stockrepurchasedandretiredduringperiodshares,102104000
us-gaap:stockrepurchasedandretiredduringperiodvalue,12000000000
us-gaap:concentrationriskpercentage1,0.63
us-gaap:concentrationriskpercentage1,0.18
us-gaap:concentrationriskpercentage1,0.48
us-gaap:concentrationriskpercentage1,0.11
us-gaap:concentrationriskpercentage1,0.16
us-gaap:allocatedsharebasedcompensationexpense,758000000
us-gaap:allocatedsharebasedcompensationexpense,282000000
us-gaap:othercomprehensiveincomelossreclassificationadjustmentfromaocionderivativesbeforetax,921000000
us-gaap:othercomprehensiveincomelossreclassificationadjustmentfromaocionderivativesbeforetax,1000000
us-gaap:allocatedsharebasedcompensationexpense,775000000
us-gaap:othercomprehensiveincomelossreclassificationadjustmentfromaocionderivativesbeforetax,1007000000
us-gaap:salesrevenuenet,51882000000
us-gaap:operatingincomeloss,17887000000
us-gaap:salesrevenuenet,29418000000
us-gaap:operatingincomeloss,9994000000
us-gaap:salesrevenuenet,9437000000
us-gaap:operatingincomeloss,3449000000
us-gaap:salesrevenuenet,8905000000
us-gaap:operatingincomeloss,4187000000
us-gaap:salesrevenuenet,32967000000
us-gaap:operatingincomeloss,13080000000
us-gaap:othercomprehensiveincomelossnetoftax,159000000
us-gaap:othercomprehensiveincomelossbeforereclassificationsbeforetax,200000000
us-gaap:othercomprehensiveincomelosstax,75000000
us-gaap:othercomprehensiveincomelossnetoftax,1715000000
us-gaap:othercomprehensiveincomelossbeforereclassificationsbeforetax,3548000000
us-gaap:othercomprehensiveincomelosstax,356000000
us-gaap:reclassificationfromaccumulatedothercomprehensiveincomecurrentperiodbeforetax,1477000000
us-gaap:derivativeinstrumentsgainlossrecognizedinothercomprehensiveincomeeffectiveportionnet,112000000
us-gaap:derivativeinstrumentsgainlossrecognizedinothercomprehensiveincomeeffectiveportionnet,4176000000
us-gaap:derivativeinstrumentsgainlossreclassifiedfromaccumulatedociintoincomeeffectiveportionnet,1928000000
us-gaap:derivativegainlossonderivativenet,239000000
us-gaap:derivativeinstrumentsgainlossrecognizedinothercomprehensiveincomeeffectiveportionnet,3659000000
us-gaap:derivativeinstrumentsgainlossreclassifiedfromaccumulatedociintoincomeeffectiveportionnet,1476000000
us-gaap:stockrepurchasedandretiredduringperiodshares,81525000
us-gaap:acceleratedsharerepurchasesfinalpricepaidpershare,110.40
us-gaap:stockrepurchasedandretiredduringperiodshares,13300000
us-gaap:stockrepurchasedandretiredduringperiodshares,59900000
us-gaap:stockrepurchasedandretiredduringperiodshares,134247000
us-gaap:acceleratedsharerepurchasesfinalpricepaidpershare,89.39
us-gaap:commonstockdividendspersharedeclared,1.82
us-gaap:paymentsofdividends,11031000000
us-gaap:stockrepurchasedandretiredduringperiodshares,286512000
us-gaap:stockrepurchasedandretiredduringperiodvalue,24000000000
us-gaap:concentrationriskpercentage1,0.13
us-gaap:concentrationriskpercentage1,0.72
us-gaap:concentrationriskpercentage1,0.16
us-gaap:concentrationriskpercentage1,0.51
us-gaap:concentrationriskpercentage1,0.16
us-gaap:concentrationriskpercentage1,0.14
us-gaap:stockrepurchasedandretiredduringperiodshares,172548000
us-gaap:acceleratedsharerepurchasesfinalpricepaidpershare,69.55
us-gaap:commonstockdividendspersharedeclared,0.44
us-gaap:paymentsofdividends,2739000000
us-gaap:stockrepurchasedandretiredduringperiodshares,66847000
us-gaap:stockrepurchasedandretiredduringperiodvalue,5000000000
us-gaap:commonstockdividendspersharedeclared,0.47
us-gaap:paymentsofdividends,2750000000
us-gaap:stockrepurchasedandretiredduringperiodshares,45704000
us-gaap:stockrepurchasedandretiredduringperiodvalue,5000000000
us-gaap:stockrepurchasedandretiredduringperiodshares,8300000
us-gaap:earningspersharediluted,1.66
us-gaap:weightedaveragenumberdilutedsharesoutstandingadjustment,33397000
us-gaap:weightedaveragenumberofdilutedsharesoutstanding,6156699000
us-gaap:earningspersharebasic,1.67
us-gaap:commonstockdividendspersharedeclared,0.44
us-gaap:weightedaveragenumberofsharesoutstandingbasic,6123302000
us-gaap:grossprofit,17947000000
us-gaap:paymentsofdividends,2655000000
us-gaap:othercomprehensiveincomelossnetoftax,55000000
us-gaap:salesrevenuenet,45646000000
us-gaap:incomelossfromcontinuingoperationsbeforeincometaxesextraordinaryitemsnoncontrollinginterest,13818000000
us-gaap:othercomprehensiveincomelossavailableforsalesecuritiesadjustmentnetoftax,196000000
us-gaap:operatingincomeloss,13593000000
us-gaap:comprehensiveincomenetoftax,10278000000
us-gaap:standardproductwarrantyaccrualwarrantiesissued,1253000000
us-gaap:nonoperatingincomeexpense,225000000
us-gaap:investmentincomeinterestanddividend,410000000
us-gaap:netincomeloss,10223000000
us-gaap:othercomprehensiveincomeunrealizedholdinggainlossonsecuritiesarisingduringperiodnetoftax,235000000
us-gaap:allocatedsharebasedcompensationexpense,696000000
us-gaap:interestexpense,85000000
us-gaap:operatingexpenses,4354000000
us-gaap:researchanddevelopmentexpense,1422000000
us-gaap:sellinggeneralandadministrativeexpense,2932000000
us-gaap:sharebasedcompensationarrangementbysharebasedpaymentawardequityinstrumentsotherthanoptionsve,198000000
us-gaap:costofgoodsandservicessold,27699000000
us-gaap:interestexpensedebt,84000000
us-gaap:incometaxexpensebenefit,3595000000
us-gaap:othercomprehensiveincomelossreclassificationadjustmentfromaocionderivativesbeforetax,14000000
us-gaap:othercomprehensiveincomelossreclassificationadjustmentfromaocionderivativesnetoftax,13000000
us-gaap:standardproductwarrantyaccrualpayments,865000000
us-gaap:incometaxreconciliationnondeductibleexpensesharebasedcompensationcost,230000000
us-gaap:othercomprehensiveincomelossreclassificationadjustmentfromaociforsaleofsecuritiesbeforetax,60000000
us-gaap:reclassificationfromaccumulatedothercomprehensiveincomecurrentperiodbeforetax,74000000
us-gaap:sharebasedcompensationarrangementbysharebasedpaymentawardoptionsexercisesinperiodtotalintrin,148000000
us-gaap:othercomprehensiveincomelossreclassificationadjustmentfromaociforsaleofsecuritiesnetoftax,39000000
us-gaap:researchanddevelopmentexpense,1422000000
us-gaap:operatingincomeloss,15911000000
us-gaap:stockrepurchasedandretiredduringperiodshares,79749000
us-gaap:stockrepurchasedandretiredduringperiodvalue,6000000000
us-gaap:allocatedsharebasedcompensationexpense,300000000
us-gaap:allocatedsharebasedcompensationexpense,110000000
us-gaap:othercomprehensiveincomelossreclassificationadjustmentfromaocionderivativesbeforetax,141000000
us-gaap:allocatedsharebasedcompensationexpense,286000000
us-gaap:salesrevenuenet,17982000000
us-gaap:operatingincomeloss,6029000000
us-gaap:salesrevenuenet,10941000000
us-gaap:operatingincomeloss,3605000000
us-gaap:salesrevenuenet,2841000000
us-gaap:operatingincomeloss,904000000
us-gaap:salesrevenuenet,4047000000
us-gaap:operatingincomeloss,1832000000
us-gaap:salesrevenuenet,9835000000
us-gaap:operatingincomeloss,3541000000
us-gaap:derivativeinstrumentsgainlossreclassifiedfromaccumulatedociintoincomeeffectiveportionnet,22000000
us-gaap:derivativeinstrumentsgainlossreclassifiedfromaccumulatedociintoincomeeffectiveportionnet,18000000
us-gaap:earningspersharediluted,2.33
us-gaap:weightedaveragenumberdilutedsharesoutstandingadjustment,41059000
us-gaap:weightedaveragenumberofdilutedsharesoutstanding,5834858000
us-gaap:earningspersharebasic,2.34
us-gaap:commonstockdividendspersharedeclared,0.47
us-gaap:weightedaveragenumberofsharesoutstandingbasic,5793799000
us-gaap:grossprofit,23656000000
us-gaap:paymentsofdividends,2734000000
us-gaap:othercomprehensiveincomelossnetoftax,747000000
us-gaap:salesrevenuenet,58010000000
us-gaap:incomelossfromcontinuingoperationsbeforeincometaxesextraordinaryitemsnoncontrollinginterest,18564000000
us-gaap:othercomprehensiveincomelossavailableforsalesecuritiesadjustmentnetoftax,629000000
us-gaap:operatingincomeloss,18278000000
us-gaap:comprehensiveincomenetoftax,14316000000
us-gaap:standardproductwarrantyaccrualwarrantiesissued,978000000
us-gaap:nonoperatingincomeexpense,286000000
us-gaap:investmentincomeinterestanddividend,675000000
us-gaap:othercomprehensiveincomeunrealizedgainlossonderivativesarisingduringperiodnetoftax,1037000000
us-gaap:netincomeloss,13569000000
us-gaap:othercomprehensiveincomeunrealizedholdinggainlossonsecuritiesarisingduringperiodnetoftax,593000000
us-gaap:othercomprehensiveincomelossderivativesqualifyingashedgesnetoftax,298000000
us-gaap:allocatedsharebasedcompensationexpense,927000000
us-gaap:interestexpense,163000000
us-gaap:operatingexpenses,5378000000
us-gaap:researchanddevelopmentexpense,1918000000
us-gaap:sellinggeneralandadministrativeexpense,3460000000
us-gaap:sharebasedcompensationarrangementbysharebasedpaymentawardequityinstrumentsotherthanoptionsve,317000000
us-gaap:costofgoodsandservicessold,34354000000
us-gaap:interestexpensedebt,161000000
us-gaap:incometaxexpensebenefit,4995000000
us-gaap:othercomprehensiveincomelossreclassificationadjustmentfromaocionderivativesbeforetax,814000000
us-gaap:othercomprehensiveincomelossreclassificationadjustmentfromaocionderivativesnetoftax,739000000
us-gaap:standardproductwarrantyaccrualpayments,1030000000
us-gaap:incometaxreconciliationnondeductibleexpensesharebasedcompensationcost,311000000
us-gaap:reclassificationfromaccumulatedothercomprehensiveincomecurrentperiodbeforetax,758000000
us-gaap:sharebasedcompensationarrangementbysharebasedpaymentawardoptionsexercisesinperiodtotalintrin,119000000
us-gaap:researchanddevelopmentexpense,1918000000
us-gaap:operatingincomeloss,21311000000
us-gaap:stockrepurchasedandretiredduringperiodshares,56400000
us-gaap:stockrepurchasedandretiredduringperiodvalue,7000000000
us-gaap:allocatedsharebasedcompensationexpense,384000000
us-gaap:allocatedsharebasedcompensationexpense,142000000
us-gaap:othercomprehensiveincomelossreclassificationadjustmentfromaocionderivativesbeforetax,608000000
us-gaap:othercomprehensiveincomelossreclassificationadjustmentfromaocionderivativesbeforetax,1000000
us-gaap:allocatedsharebasedcompensationexpense,401000000
us-gaap:othercomprehensiveincomelossreclassificationadjustmentfromaocionderivativesbeforetax,558000000
us-gaap:salesrevenuenet,21316000000
us-gaap:operatingincomeloss,7186000000
us-gaap:salesrevenuenet,12204000000
us-gaap:operatingincomeloss,4112000000
us-gaap:salesrevenuenet,4210000000
us-gaap:operatingincomeloss,1600000000
us-gaap:salesrevenuenet,3457000000
us-gaap:operatingincomeloss,1699000000
us-gaap:salesrevenuenet,16823000000
us-gaap:operatingincomeloss,6714000000
us-gaap:derivativeinstrumentsgainlossrecognizedinothercomprehensiveincomeeffectiveportionnet,1591000000
us-gaap:derivativeinstrumentsgainlossreclassifiedfromaccumulatedociintoincomeeffectiveportionnet,1166000000
us-gaap:derivativegainlossonderivativenet,122000000
us-gaap:derivativeinstrumentsgainlossrecognizedinothercomprehensiveincomeeffectiveportionnet,1162000000
us-gaap:derivativeinstrumentsgainlossreclassifiedfromaccumulatedociintoincomeeffectiveportionnet,813000000
us-gaap:commonstockdividendspersharedeclared,0.47
us-gaap:paymentsofdividends,2830000000
us-gaap:stockrepurchasedandretiredduringperiodshares,58661000
us-gaap:stockrepurchasedandretiredduringperiodvalue,5000000000
us-gaap:commonstockdividendspersharedeclared,0.47
us-gaap:paymentsofdividends,2807000000
us-gaap:stockrepurchasedandretiredduringperiodshares,81255000
us-gaap:stockrepurchasedandretiredduringperiodvalue,8000000000
